{
    "timestamp": "2026-02-06 18:19:38",
    "model_path": "C:/hackathon_project\\models\\best_model.pth",
    "test_samples": 841,
    "overall_metrics": {
        "accuracy": 0.9286563614744352,
        "precision_macro": 0.934894333899396,
        "recall_macro": 0.9283770793688568,
        "f1_macro": 0.9286523178267945,
        "precision_weighted": 0.9333128777867986,
        "recall_weighted": 0.9286563614744352,
        "f1_weighted": 0.9279337829991008
    },
    "per_class_metrics": {
        "LER": {
            "precision": 0.9565217391304348,
            "recall": 0.990990990990991,
            "f1_score": 0.9734513274336283,
            "support": 111
        },
        "bridge": {
            "precision": 0.8205128205128205,
            "recall": 0.8888888888888888,
            "f1_score": 0.8533333333333334,
            "support": 108
        },
        "clean": {
            "precision": 1.0,
            "recall": 0.7757009345794392,
            "f1_score": 0.8736842105263158,
            "support": 107
        },
        "crack": {
            "precision": 0.9603960396039604,
            "recall": 0.9797979797979798,
            "f1_score": 0.97,
            "support": 99
        },
        "open": {
            "precision": 0.8731343283582089,
            "recall": 0.9915254237288136,
            "f1_score": 0.9285714285714286,
            "support": 118
        },
        "other": {
            "precision": 0.9393939393939394,
            "recall": 0.9789473684210527,
            "f1_score": 0.9587628865979382,
            "support": 95
        },
        "particle": {
            "precision": 0.9519230769230769,
            "recall": 0.9611650485436893,
            "f1_score": 0.9565217391304348,
            "support": 103
        },
        "scratch": {
            "precision": 0.9772727272727273,
            "recall": 0.86,
            "f1_score": 0.9148936170212766,
            "support": 100
        }
    },
    "training_metrics": {
        "best_val_f1": 0.8347651264450241,
        "best_val_loss": 1.380831605681063
    },
    "confusion_matrix": [
        [
            110,
            1,
            0,
            0,
            0,
            0,
            0,
            0
        ],
        [
            0,
            96,
            0,
            0,
            12,
            0,
            0,
            0
        ],
        [
            3,
            16,
            83,
            2,
            2,
            0,
            1,
            0
        ],
        [
            2,
            0,
            0,
            97,
            0,
            0,
            0,
            0
        ],
        [
            0,
            1,
            0,
            0,
            117,
            0,
            0,
            0
        ],
        [
            0,
            0,
            0,
            0,
            0,
            93,
            1,
            1
        ],
        [
            0,
            0,
            0,
            0,
            0,
            3,
            99,
            1
        ],
        [
            0,
            3,
            0,
            2,
            3,
            3,
            3,
            86
        ]
    ]
}